Gene	Study of Origin	Sample ID	Cancer Type	Cancer Type Detailed	Protein Change	Annotation	Custom Driver	Custom Driver Tiers	Functional Impact	Mutation Type	Variant Type	Copy #	MS	VS	Center	Chromosome	Start Pos	End Pos	Ref	Var	HGVSg	HGVSc	Allele Freq (T)	Allele Freq (N)	Variant Reads	Ref Reads	Variant Reads (Normal)	Ref Reads (Normal)	# Mut in Sample	Exon	gnomAD	ClinVar	dbSNP	SIGNAL	Diagnosis Age	Neoplasm Disease Stage American Joint Committee on Cancer Code	American Joint Committee on Cancer Publication Version Type	Aneuploidy Score	Buffa Hypoxia Score	TCGA PanCanAtlas Cancer Type Acronym	Last Communication Contact from Initial Pathologic Diagnosis Date	Birth from Initial Pathologic Diagnosis Date	Last Alive Less Initial Pathologic Diagnosis Date Calculated Day Value	Disease Free (Months)	Disease Free Status	Months of disease-specific survival	Disease-specific Survival status	Ethnicity Category	Form completion date	Fraction Genome Altered	Genetic Ancestry Label	Neoplasm Histologic Grade	Neoadjuvant Therapy Type Administered Prior To Resection Text	ICD-10 Classification	International Classification of Diseases for Oncology, Third Edition ICD-O-3 Histology Code	International Classification of Diseases for Oncology, Third Edition ICD-O-3 Site Code	Informed consent verified	In PanCan Pathway Analysis	MSI MANTIS Score	MSIsensor Score	New Neoplasm Event Post Initial Therapy Indicator	Oncotree Code	Overall Survival (Months)	Overall Survival Status	Other Patient ID	American Joint Committee on Cancer Metastasis Stage Code	Neoplasm Disease Lymph Node Stage American Joint Committee on Cancer Code	American Joint Committee on Cancer Tumor Stage Code	Person Neoplasm Cancer Status	Progress Free Survival (Months)	Progression Free Status	Primary Lymph Node Presentation Assessment	Prior Diagnosis	Race Category	Radiation Therapy	Ragnum Hypoxia Score	Number of Samples Per Patient	Sample Type	Sex	Somatic Status	Subtype	Tumor Break Load	Tissue Prospective Collection Indicator	Tissue Retrospective Collection Indicator	Tissue Source Site	Tissue Source Site Code	TMB (nonsynonymous)	Tumor Disease Anatomic Site	Tumor Type	Patient Weight	Winter Hypoxia Score
IDH1	Glioblastoma Multiforme (TCGA, PanCancer Atlas)	TCGA-12-0818-01	Glioblastoma	Glioblastoma Multiforme	R132C	OncoKB: Oncogenic, level_3a, resistance NA;CIViC: diagnosticCount: 1, predictiveCount: 6, prognosticCount: 1, predisposingCount: 0, oncogenicCount: 0, functionalCount: 0;CancerHotspot: yes;3DHotspot: no			MutationAssessor: impact: high, score: 6.875581209351462;SIFT: impact: deleterious_low_confidence, score: 0.03;Polyphen-2: impact: benign, score: 0.1;AlphaMissense: pathogenicity: pathogenic, score: 0.9873	Missense_Mutation	SNP	Diploid	.	.	.	2	209113113	209113113	G	A	2:g.209113113G>A	ENST00000345146.2:c.394C>T	0.67	0.0008	766	381	1	1251	134	4/10		Pathogenic/Likely_pathogenic						4		GBM						91.75789854				0.1385	EUR							No	0.3068	0.68		GBM	91.75789854	1:DECEASED						91.75789854	0:CENSORED						1	Primary		Matched		159			Duke	12	4.466666667		Glioblastoma Multiforme (GBM)		
IDH1	Glioblastoma Multiforme (TCGA, PanCancer Atlas)	TCGA-06-0221-01	Glioblastoma	Glioblastoma Multiforme	R132G	OncoKB: Oncogenic, level_3a, resistance NA;CIViC: diagnosticCount: 0, predictiveCount: 1, prognosticCount: 0, predisposingCount: 0, oncogenicCount: 0, functionalCount: 0;CancerHotspot: yes;3DHotspot: no			MutationAssessor: impact: high, score: 7.568728389911407;SIFT: impact: deleterious_low_confidence, score: 0;Polyphen-2: impact: possibly_damaging, score: 0.883;AlphaMissense: pathogenicity: pathogenic, score: 0.9977	Missense_Mutation	SNP	Diploid	.	.	.	2	209113113	209113113	G	C	2:g.209113113G>C	ENST00000345146.2:c.394C>G	0.34		41	79		127	30	4/10								1	-27	GBM						19.82444028	1:DEAD WITH TUMOR			0.1805	EUR							Yes	0.2754	0.03		GBM	19.82444028	1:DECEASED						8.54785153	1:PROGRESSION					-2	2	Primary		Matched	GBM_IDHmut-non-codel	98			Henry Ford Hospital	6	1		Glioblastoma Multiforme (GBM)		-34
IDH1	Glioblastoma Multiforme (TCGA, PanCancer Atlas)	TCGA-02-2483-01	Glioblastoma	Glioblastoma Multiforme	R132H	OncoKB: Oncogenic, level_3a, resistance NA;CIViC: diagnosticCount: 2, predictiveCount: 8, prognosticCount: 0, predisposingCount: 0, oncogenicCount: 5, functionalCount: 9;CancerHotspot: yes;3DHotspot: no			MutationAssessor: impact: medium, score: 5.902626134823805;SIFT: impact: deleterious_low_confidence, score: 0.01;Polyphen-2: impact: benign, score: 0.047;AlphaMissense: pathogenicity: pathogenic, score: 0.992	Missense_Mutation	SNP	Diploid	.	.	.	2	209113112	209113112	C	T	2:g.209113112C>T	ENST00000345146.2:c.395G>A	0.36		39	70		134	45	4/10		Pathogenic/Likely_pathogenic			43			4	25	GBM	466	-15964	0			15.32038005	0:ALIVE OR DEAD TUMOR FREE	Not Hispanic Or Latino	5/6/10	0.2253	SAS_ADMIX		No	C71.9	9440/3	C71.9	Yes	Yes	0.2721	0.3		GBM	15.32038005	0:LIVING	a2ac9937-f351-4d78-9261-264bf6c21e0c				With Tumor	15.32038005	0:CENSORED			Asian	Yes	20	1	Primary	Male	Matched	GBM_IDHmut-non-codel	102			MD Anderson Cancer Center	2	1.5	Brain	Glioblastoma Multiforme (GBM), Untreated		10
IDH1	Glioblastoma Multiforme (TCGA, PanCancer Atlas)	TCGA-06-0128-01	Glioblastoma	Glioblastoma Multiforme	R132H	OncoKB: Oncogenic, level_3a, resistance NA;CIViC: diagnosticCount: 2, predictiveCount: 8, prognosticCount: 0, predisposingCount: 0, oncogenicCount: 5, functionalCount: 9;CancerHotspot: yes;3DHotspot: no			MutationAssessor: impact: medium, score: 5.902626134823805;SIFT: impact: deleterious_low_confidence, score: 0.01;Polyphen-2: impact: benign, score: 0.047;AlphaMissense: pathogenicity: pathogenic, score: 0.992	Missense_Mutation	SNP	Gain	.	.	.	2	209113112	209113112	C	T	2:g.209113112C>T	ENST00000345146.2:c.395G>A	0.42		59	82		142	56	4/10		Pathogenic/Likely_pathogenic						2		GBM						22.71755926	1:DEAD WITH TUMOR			0.1645	EUR							No	0.2696	0.07		GBM	22.71755926	1:DECEASED						6.246506888	1:PROGRESSION						1	Primary		Matched		11			Henry Ford Hospital	6	1.866666667		Glioblastoma Multiforme (GBM)		
IDH1	Glioblastoma Multiforme (TCGA, PanCancer Atlas)	TCGA-06-0129-01	Glioblastoma	Glioblastoma Multiforme	R132H	OncoKB: Oncogenic, level_3a, resistance NA;CIViC: diagnosticCount: 2, predictiveCount: 8, prognosticCount: 0, predisposingCount: 0, oncogenicCount: 5, functionalCount: 9;CancerHotspot: yes;3DHotspot: no			MutationAssessor: impact: medium, score: 5.902626134823805;SIFT: impact: deleterious_low_confidence, score: 0.01;Polyphen-2: impact: benign, score: 0.047;AlphaMissense: pathogenicity: pathogenic, score: 0.992	Missense_Mutation	SNP	Diploid	.	.	.	2	209113112	209113112	C	T	2:g.209113112C>T	ENST00000345146.2:c.395G>A	0.31		34	75		131	41	4/10		Pathogenic/Likely_pathogenic						7	-17	GBM						33.66538449	1:DEAD WITH TUMOR			0.1275	EUR_ADMIX							Yes	0.2758	0.14		GBM	33.66538449	1:DECEASED						4.865700102	1:PROGRESSION					8	1	Primary		Matched	GBM_IDHmut-non-codel	483			Henry Ford Hospital	6	1.333333333		Glioblastoma Multiforme (GBM)		-32
IDH1	Glioblastoma Multiforme (TCGA, PanCancer Atlas)	TCGA-06-1805-01	Glioblastoma	Glioblastoma Multiforme	R132H	OncoKB: Oncogenic, level_3a, resistance NA;CIViC: diagnosticCount: 2, predictiveCount: 8, prognosticCount: 0, predisposingCount: 0, oncogenicCount: 5, functionalCount: 9;CancerHotspot: yes;3DHotspot: no			MutationAssessor: impact: medium, score: 5.902626134823805;SIFT: impact: deleterious_low_confidence, score: 0.01;Polyphen-2: impact: benign, score: 0.047;AlphaMissense: pathogenicity: pathogenic, score: 0.992	Missense_Mutation	SNP	Diploid	.	.	.	2	209113112	209113112	C	T	2:g.209113112C>T	ENST00000345146.2:c.395G>A	0.71		76	31		168	312	4/10		Pathogenic/Likely_pathogenic			28			4		GBM	1031	-10542	0			33.89551895	0:ALIVE OR DEAD TUMOR FREE	Not Hispanic Or Latino	8/19/09	0.102	EUR_ADMIX		No	C71.9	9440/3	C71.9	Yes	No	0.3011	1.31		GBM	33.89551895	0:LIVING	9f004b8a-f202-419d-a4d8-01f9430eaca5				With Tumor	33.89551895	0:CENSORED			White	Yes		1	Primary	Female	Matched		18			Henry Ford Hospital	6	10.4	Brain	Glioblastoma Multiforme (GBM), Untreated		
IDH1	Glioblastoma Multiforme (TCGA, PanCancer Atlas)	TCGA-06-2570-01	Glioblastoma	Glioblastoma Multiforme	R132H	OncoKB: Oncogenic, level_3a, resistance NA;CIViC: diagnosticCount: 2, predictiveCount: 8, prognosticCount: 0, predisposingCount: 0, oncogenicCount: 5, functionalCount: 9;CancerHotspot: yes;3DHotspot: no			MutationAssessor: impact: medium, score: 5.902626134823805;SIFT: impact: deleterious_low_confidence, score: 0.01;Polyphen-2: impact: benign, score: 0.047;AlphaMissense: pathogenicity: pathogenic, score: 0.992	Missense_Mutation	SNP	Diploid	.	.	.	2	209113112	209113112	C	T	2:g.209113112C>T	ENST00000345146.2:c.395G>A	0.46		68	81		130	35	4/10		Pathogenic/Likely_pathogenic			21			1	-7	GBM	958	-7936	0			31.49554525	0:ALIVE OR DEAD TUMOR FREE	Not Hispanic Or Latino	3/22/10	0.0786	EUR		No	C71.9	9440/3	C71.9	Yes	Yes	0.2611	0.29		GBM	31.49554525	0:LIVING	b37d944c-c65c-46d6-bb8b-3eb37cb85b68				With Tumor	31.49554525	0:CENSORED			White	Yes	6	1	Primary	Female	Matched	GBM_IDHmut-non-codel	38			Henry Ford Hospital	6	1.166666667	Brain	Glioblastoma Multiforme (GBM), Untreated		-8
IDH1	Glioblastoma Multiforme (TCGA, PanCancer Atlas)	TCGA-06-6389-01	Glioblastoma	Glioblastoma Multiforme	R132H	OncoKB: Oncogenic, level_3a, resistance NA;CIViC: diagnosticCount: 2, predictiveCount: 8, prognosticCount: 0, predisposingCount: 0, oncogenicCount: 5, functionalCount: 9;CancerHotspot: yes;3DHotspot: no			MutationAssessor: impact: medium, score: 5.902626134823805;SIFT: impact: deleterious_low_confidence, score: 0.01;Polyphen-2: impact: benign, score: 0.047;AlphaMissense: pathogenicity: pathogenic, score: 0.992	Missense_Mutation	SNP	Diploid	.	.	.	2	209113112	209113112	C	T	2:g.209113112C>T	ENST00000345146.2:c.395G>A	0.33		27	56		99	35	4/10		Pathogenic/Likely_pathogenic			49			12		GBM	237	-18248	0			7.791695434	0:ALIVE OR DEAD TUMOR FREE	Not Hispanic Or Latino	11/7/11	0.1242	EUR		No	C71.9	9440/3	C71.9	Yes	No	0.2818	0		GBM	7.791695434	0:LIVING	d9cae674-1100-44a4-8c61-2f15ea1b6214				With Tumor	7.791695434	0:CENSORED			White	Yes		1	Primary	Female	Matched		89			Henry Ford Hospital	6	1.166666667	Brain	Glioblastoma Multiforme (GBM), Untreated		
IDH1	Glioblastoma Multiforme (TCGA, PanCancer Atlas)	TCGA-06-6701-01	Glioblastoma	Glioblastoma Multiforme	R132H	OncoKB: Oncogenic, level_3a, resistance NA;CIViC: diagnosticCount: 2, predictiveCount: 8, prognosticCount: 0, predisposingCount: 0, oncogenicCount: 5, functionalCount: 9;CancerHotspot: yes;3DHotspot: no			MutationAssessor: impact: medium, score: 5.902626134823805;SIFT: impact: deleterious_low_confidence, score: 0.01;Polyphen-2: impact: benign, score: 0.047;AlphaMissense: pathogenicity: pathogenic, score: 0.992	Missense_Mutation	SNP	Diploid	.	.	.	2	209113112	209113112	C	T	2:g.209113112C>T	ENST00000345146.2:c.395G>A	0.44		34	43		68	34	4/10		Pathogenic/Likely_pathogenic			60			0		GBM	151	-22051	0			4.964329158	0:ALIVE OR DEAD TUMOR FREE	Not Hispanic Or Latino	9/14/11	0.0498	EUR		No	C71.9	9440/3	C71.9	Yes	No	0.3067	0.02		GBM	4.964329158	0:LIVING	13429a31-a193-4180-a8b2-cceaa21ecbfd				With Tumor	4.964329158	0:CENSORED			White	Yes		1	Primary	Male	Matched		22			Henry Ford Hospital	6	1.133333333	Brain	Glioblastoma Multiforme (GBM), Untreated		
IDH1	Glioblastoma Multiforme (TCGA, PanCancer Atlas)	TCGA-06-A7TL-01	Glioblastoma	Glioblastoma Multiforme	R132H	OncoKB: Oncogenic, level_3a, resistance NA;CIViC: diagnosticCount: 2, predictiveCount: 8, prognosticCount: 0, predisposingCount: 0, oncogenicCount: 5, functionalCount: 9;CancerHotspot: yes;3DHotspot: no			MutationAssessor: impact: medium, score: 5.902626134823805;SIFT: impact: deleterious_low_confidence, score: 0.01;Polyphen-2: impact: benign, score: 0.047;AlphaMissense: pathogenicity: pathogenic, score: 0.992	Missense_Mutation	SNP	Diploid	.	.	.	2	209113112	209113112	C	T	2:g.209113112C>T	ENST00000345146.2:c.395G>A	0.27		15	41		77	28	4/10		Pathogenic/Likely_pathogenic			30			4		GBM	539	-11297	0			17.72035375	0:ALIVE OR DEAD TUMOR FREE	Not Hispanic Or Latino	2/5/14	0.1837	AFR_ADMIX		No	C71.8	9440/3	C71.8	Yes	No	0.3372	0.08	No	GBM	17.72035375	0:LIVING	0CA72EBD-FF33-45B8-A97C-3F1435603D71				With Tumor	6.180754184	1:PROGRESSION		No	Black or African American	Yes		1	Primary	Female	Matched		90	Yes	No	Henry Ford Hospital	6	0.933333333	Brain	Glioblastoma Multiforme (GBM)		
IDH1	Glioblastoma Multiforme (TCGA, PanCancer Atlas)	TCGA-12-0827-01	Glioblastoma	Glioblastoma Multiforme	R132H	OncoKB: Oncogenic, level_3a, resistance NA;CIViC: diagnosticCount: 2, predictiveCount: 8, prognosticCount: 0, predisposingCount: 0, oncogenicCount: 5, functionalCount: 9;CancerHotspot: yes;3DHotspot: no			MutationAssessor: impact: medium, score: 5.902626134823805;SIFT: impact: deleterious_low_confidence, score: 0.01;Polyphen-2: impact: benign, score: 0.047;AlphaMissense: pathogenicity: pathogenic, score: 0.992	Missense_Mutation	SNP	Diploid	.	.	.	2	209113112	209113112	C	T	2:g.209113112C>T	ENST00000345146.2:c.395G>A	0.31	0.0007	361	818	1	1494	37	4/10		Pathogenic/Likely_pathogenic						10		GBM						38.76121906	1:DEAD WITH TUMOR			0.2277	EUR							No	0.2652	0.16		GBM	38.76121906	1:DECEASED						38.76121906	1:PROGRESSION						1	Primary		Matched		608			Duke	12	1.233333333		Glioblastoma Multiforme (GBM)		
IDH1	Glioblastoma Multiforme (TCGA, PanCancer Atlas)	TCGA-14-1456-01	Glioblastoma	Glioblastoma Multiforme	R132H	OncoKB: Oncogenic, level_3a, resistance NA;CIViC: diagnosticCount: 2, predictiveCount: 8, prognosticCount: 0, predisposingCount: 0, oncogenicCount: 5, functionalCount: 9;CancerHotspot: yes;3DHotspot: no			MutationAssessor: impact: medium, score: 5.902626134823805;SIFT: impact: deleterious_low_confidence, score: 0.01;Polyphen-2: impact: benign, score: 0.047;AlphaMissense: pathogenicity: pathogenic, score: 0.992	Missense_Mutation	SNP	Diploid	.	.	.	2	209113112	209113112	C	T	2:g.209113112C>T	ENST00000345146.2:c.395G>A	0.28		39	102		141	25	4/10		Pathogenic/Likely_pathogenic			23			1		GBM	1246	-8710	0			40.96393464	0:ALIVE OR DEAD TUMOR FREE		5/28/10	0.0824	EUR		No	C71.9	9440/3	C71.9	Yes	No	0.2716	0.06		GBM	40.96393464	0:LIVING	0fe6684a-5ab2-4999-b69d-d99aa5679c97				With Tumor	3.2218825	1:PROGRESSION			White	Yes		1	Primary	Male	Matched		15			Emory University	14	0.833333333	Brain	Glioblastoma Multiforme (GBM), Untreated		
IDH1	Glioblastoma Multiforme (TCGA, PanCancer Atlas)	TCGA-14-1458-01	Glioblastoma	Glioblastoma Multiforme	R132H	OncoKB: Oncogenic, level_3a, resistance NA;CIViC: diagnosticCount: 2, predictiveCount: 8, prognosticCount: 0, predisposingCount: 0, oncogenicCount: 5, functionalCount: 9;CancerHotspot: yes;3DHotspot: no			MutationAssessor: impact: medium, score: 5.902626134823805;SIFT: impact: deleterious_low_confidence, score: 0.01;Polyphen-2: impact: benign, score: 0.047;AlphaMissense: pathogenicity: pathogenic, score: 0.992	Missense_Mutation	SNP	Diploid	.	.	.	2	209113112	209113112	C	T	2:g.209113112C>T	ENST00000345146.2:c.395G>A	0.73	0.0015	358	134	1	682	184	4/10		Pathogenic/Likely_pathogenic			54			3		GBM	187	-19899	0			6.673899464			8/5/09	0.2232	EUR		No	C71.9	9440/3	C71.9	Yes	No	0.306	1.4		GBM	6.673899464	1:DECEASED	5d2487b9-e0cd-40fc-a158-7b1803c8dc88					2.662984515	1:PROGRESSION			White	Yes		1	Primary	Male	Matched		19			Emory University	14	6.133333333	Brain	Glioblastoma Multiforme (GBM), Untreated		
IDH1	Glioblastoma Multiforme (TCGA, PanCancer Atlas)	TCGA-14-1821-01	Glioblastoma	Glioblastoma Multiforme	R132H	OncoKB: Oncogenic, level_3a, resistance NA;CIViC: diagnosticCount: 2, predictiveCount: 8, prognosticCount: 0, predisposingCount: 0, oncogenicCount: 5, functionalCount: 9;CancerHotspot: yes;3DHotspot: no			MutationAssessor: impact: medium, score: 5.902626134823805;SIFT: impact: deleterious_low_confidence, score: 0.01;Polyphen-2: impact: benign, score: 0.047;AlphaMissense: pathogenicity: pathogenic, score: 0.992	Missense_Mutation	SNP	Diploid	.	.	.	2	209113112	209113112	C	T	2:g.209113112C>T	ENST00000345146.2:c.395G>A	0.46		61	72		151	20	4/10		Pathogenic/Likely_pathogenic			31			4		GBM	541	-11329	0			17.78610645	1:DEAD WITH TUMOR		9/1/09	0.1805	EUR		No	C71.9	9440/3	C71.9	Yes	No	0.2718	0.3		GBM	17.78610645	1:DECEASED	38dd826d-06dc-4a73-b852-c3d78c9c3ff4				With Tumor	10.88207253	1:PROGRESSION			White	Yes		1	Primary	Male	Matched		62			Emory University	14	0.666666667	Brain	Glioblastoma Multiforme (GBM), Untreated		
IDH1	Glioblastoma Multiforme (TCGA, PanCancer Atlas)	TCGA-14-4157-01	Glioblastoma	Glioblastoma Multiforme	R132H	OncoKB: Oncogenic, level_3a, resistance NA;CIViC: diagnosticCount: 2, predictiveCount: 8, prognosticCount: 0, predisposingCount: 0, oncogenicCount: 5, functionalCount: 9;CancerHotspot: yes;3DHotspot: no			MutationAssessor: impact: medium, score: 5.902626134823805;SIFT: impact: deleterious_low_confidence, score: 0.01;Polyphen-2: impact: benign, score: 0.047;AlphaMissense: pathogenicity: pathogenic, score: 0.992	Missense_Mutation	SNP	Diploid	.	.	.	2	209113112	209113112	C	T	2:g.209113112C>T	ENST00000345146.2:c.395G>A	0.35		46	85		163	35	4/10		Pathogenic/Likely_pathogenic			40			4		GBM	104	-14816	0			3.419140612	0:ALIVE OR DEAD TUMOR FREE		7/12/10	0.16	AFR		No	C71.9	9440/3	C71.9	Yes	No	0.284	0.3		GBM	3.419140612	0:LIVING	38acdfc8-8abc-4d89-a68b-58c493650b48					3.156129796	1:PROGRESSION			Black or African American	Yes		1	Primary	Male	Matched		43			Emory University	14	1.133333333	Brain	Glioblastoma Multiforme (GBM), Untreated		
IDH1	Glioblastoma Multiforme (TCGA, PanCancer Atlas)	TCGA-16-0849-01	Glioblastoma	Glioblastoma Multiforme	R132H	OncoKB: Oncogenic, level_3a, resistance NA;CIViC: diagnosticCount: 2, predictiveCount: 8, prognosticCount: 0, predisposingCount: 0, oncogenicCount: 5, functionalCount: 9;CancerHotspot: yes;3DHotspot: no			MutationAssessor: impact: medium, score: 5.902626134823805;SIFT: impact: deleterious_low_confidence, score: 0.01;Polyphen-2: impact: benign, score: 0.047;AlphaMissense: pathogenicity: pathogenic, score: 0.992	Missense_Mutation	SNP	Diploid	.	.	.	2	209113112	209113112	C	T	2:g.209113112C>T	ENST00000345146.2:c.395G>A	0.40	0.0010	399	589	1	1051	63	4/10		Pathogenic/Likely_pathogenic						2		GBM						26.07094717	0:ALIVE OR DEAD TUMOR FREE			0.0818	EUR							No	0.2817	0.13		GBM	26.07094717	0:LIVING						26.07094717	0:CENSORED						1	Primary		Matched		30			Toronto Western Hospital	16	2.1		Glioblastoma Multiforme (GBM)		
IDH1	Glioblastoma Multiforme (TCGA, PanCancer Atlas)	TCGA-16-0850-01	Glioblastoma	Glioblastoma Multiforme	R132H	OncoKB: Oncogenic, level_3a, resistance NA;CIViC: diagnosticCount: 2, predictiveCount: 8, prognosticCount: 0, predisposingCount: 0, oncogenicCount: 5, functionalCount: 9;CancerHotspot: yes;3DHotspot: no			MutationAssessor: impact: medium, score: 5.902626134823805;SIFT: impact: deleterious_low_confidence, score: 0.01;Polyphen-2: impact: benign, score: 0.047;AlphaMissense: pathogenicity: pathogenic, score: 0.992	Missense_Mutation	SNP	ShallowDel	.	.	.	2	209113112	209113112	C	T	2:g.209113112C>T	ENST00000345146.2:c.395G>A	0.60	0.0009	437	289	1	1131	49	4/10		Pathogenic/Likely_pathogenic						25		GBM						16.37242332	1:DEAD WITH TUMOR			0.7946	EUR							No	0.2886	0.53		GBM	16.37242332	1:DECEASED						2.728737219	1:PROGRESSION						1	Primary		Matched		161			Toronto Western Hospital	16	1.7		Glioblastoma Multiforme (GBM)		
IDH1	Glioblastoma Multiforme (TCGA, PanCancer Atlas)	TCGA-16-1460-01	Glioblastoma	Glioblastoma Multiforme	R132H	OncoKB: Oncogenic, level_3a, resistance NA;CIViC: diagnosticCount: 2, predictiveCount: 8, prognosticCount: 0, predisposingCount: 0, oncogenicCount: 5, functionalCount: 9;CancerHotspot: yes;3DHotspot: no			MutationAssessor: impact: medium, score: 5.902626134823805;SIFT: impact: deleterious_low_confidence, score: 0.01;Polyphen-2: impact: benign, score: 0.047;AlphaMissense: pathogenicity: pathogenic, score: 0.992	Missense_Mutation	SNP	Diploid	.	.	.	2	209113112	209113112	C	T	2:g.209113112C>T	ENST00000345146.2:c.395G>A	0.53		253	220		808	110	4/10		Pathogenic/Likely_pathogenic			36			1		GBM	195	-13208	0			6.410888648	0:ALIVE OR DEAD TUMOR FREE	Not Hispanic Or Latino	7/27/09	0.0469	EUR_ADMIX		No	C71.9	9440/3	C71.9	Yes	No	0.2866	0.8		GBM	6.410888648	0:LIVING	827453a9-7388-4336-9ac5-4defcb904607					6.410888648	0:CENSORED			White	Yes		1	Primary	Female	Matched		20			Toronto Western Hospital	16	3.666666667	Brain	Glioblastoma Multiforme (GBM), Untreated		
IDH1	Glioblastoma Multiforme (TCGA, PanCancer Atlas)	TCGA-19-2629-01	Glioblastoma	Glioblastoma Multiforme	R132H	OncoKB: Oncogenic, level_3a, resistance NA;CIViC: diagnosticCount: 2, predictiveCount: 8, prognosticCount: 0, predisposingCount: 0, oncogenicCount: 5, functionalCount: 9;CancerHotspot: yes;3DHotspot: no			MutationAssessor: impact: medium, score: 5.902626134823805;SIFT: impact: deleterious_low_confidence, score: 0.01;Polyphen-2: impact: benign, score: 0.047;AlphaMissense: pathogenicity: pathogenic, score: 0.992	Missense_Mutation	SNP	Diploid	.	.	.	2	209113112	209113112	C	T	2:g.209113112C>T	ENST00000345146.2:c.395G>A	0.33		42	85		128	87	4/10		Pathogenic/Likely_pathogenic			60			27	-23	GBM	501	-22257	0			24.22987145	1:DEAD WITH TUMOR	Not Hispanic Or Latino	5/12/10	0.5721	EUR		No	C71.9	9440/3	C71.9	Yes	Yes	0.2804	0.03		GBM	24.22987145	1:DECEASED	e17a6048-7a72-42c0-ad3f-97cbff02bc9f				With Tumor	4.767071046	1:PROGRESSION			White	Yes	-6	1	Primary	Male	Matched	GBM_IDHmut-non-codel	63			Case Western	19	2.933333333	Brain	Glioblastoma Multiforme (GBM), Untreated		-30
IDH1	Glioblastoma Multiforme (TCGA, PanCancer Atlas)	TCGA-19-A6J5-01	Glioblastoma	Glioblastoma Multiforme	R132H	OncoKB: Oncogenic, level_3a, resistance NA;CIViC: diagnosticCount: 2, predictiveCount: 8, prognosticCount: 0, predisposingCount: 0, oncogenicCount: 5, functionalCount: 9;CancerHotspot: yes;3DHotspot: no			MutationAssessor: impact: medium, score: 5.902626134823805;SIFT: impact: deleterious_low_confidence, score: 0.01;Polyphen-2: impact: benign, score: 0.047;AlphaMissense: pathogenicity: pathogenic, score: 0.992	Missense_Mutation	SNP	Diploid	.	.	.	2	209113112	209113112	C	T	2:g.209113112C>T	ENST00000345146.2:c.395G>A	0.55		32	26		58	40	4/10		Pathogenic/Likely_pathogenic			40			3		GBM	868	-14970	0			28.53667357	0:ALIVE OR DEAD TUMOR FREE	Not Hispanic Or Latino	9/3/13	0.2046	AFR		No	C71.9	9440/3	C71.9	Yes	No	0.3484	0.26	No	GBM	28.53667357	0:LIVING	7638E294-2DCF-4C03-B238-24E40491C2AD				With Tumor	25.77506	1:PROGRESSION		No	Black or African American	Yes		1	Primary	Male	Matched		144	Yes	No	Case Western	19	1.3	Brain	Glioblastoma Multiforme (GBM)		
IDH1	Glioblastoma Multiforme (TCGA, PanCancer Atlas)	TCGA-26-1442-01	Glioblastoma	Glioblastoma Multiforme	R132H	OncoKB: Oncogenic, level_3a, resistance NA;CIViC: diagnosticCount: 2, predictiveCount: 8, prognosticCount: 0, predisposingCount: 0, oncogenicCount: 5, functionalCount: 9;CancerHotspot: yes;3DHotspot: no			MutationAssessor: impact: medium, score: 5.902626134823805;SIFT: impact: deleterious_low_confidence, score: 0.01;Polyphen-2: impact: benign, score: 0.047;AlphaMissense: pathogenicity: pathogenic, score: 0.992	Missense_Mutation	SNP	Diploid	.	.	.	2	209113112	209113112	C	T	2:g.209113112C>T	ENST00000345146.2:c.395G>A	0.46		24	28		82	40	4/10		Pathogenic/Likely_pathogenic			43			1	-21	GBM	953	-15950	0			31.33116349	0:ALIVE OR DEAD TUMOR FREE	Not Hispanic Or Latino	7/5/11	0.0763	EUR		No	C71.9	9440/3	C71.9	Yes	Yes	0.2846	0.02		GBM	31.33116349	0:LIVING	c29d73c0-c885-4105-bf74-38e9178e71c9				With Tumor	31.33116349	0:CENSORED			White	Yes	-18	1	Primary	Male	Matched	GBM_IDHmut-non-codel	34			University of Florida	26	1.333333333	Brain	Glioblastoma Multiforme (GBM), Untreated		-26
IDH1	Glioblastoma Multiforme (TCGA, PanCancer Atlas)	TCGA-27-2521-01	Glioblastoma	Glioblastoma Multiforme	R132H	OncoKB: Oncogenic, level_3a, resistance NA;CIViC: diagnosticCount: 2, predictiveCount: 8, prognosticCount: 0, predisposingCount: 0, oncogenicCount: 5, functionalCount: 9;CancerHotspot: yes;3DHotspot: no			MutationAssessor: impact: medium, score: 5.902626134823805;SIFT: impact: deleterious_low_confidence, score: 0.01;Polyphen-2: impact: benign, score: 0.047;AlphaMissense: pathogenicity: pathogenic, score: 0.992	Missense_Mutation	SNP	Diploid	.	.	.	2	209113112	209113112	C	T	2:g.209113112C>T	ENST00000345146.2:c.395G>A	0.34		51	101		156	54	4/10		Pathogenic/Likely_pathogenic			34			5	13	GBM	316	-12685	0			16.76693954	1:DEAD WITH TUMOR	Not Hispanic Or Latino	3/12/10	0.1975	EUR		No	C71.9	9440/3	C71.9	Yes	Yes	0.2704	0.37		GBM	16.76693954	1:DECEASED	4776b959-d5f5-41ad-ab39-dba6031f6884				With Tumor	16.76693954	1:PROGRESSION			White	Yes	8	1	Primary	Male	Matched	GBM_IDHmut-non-codel	140			Milan - Italy, Fondazione IRCCS Instituto Neuroligico C. Besta	27	1.833333333	Brain	Glioblastoma Multiforme (GBM), Untreated		12
IDH1	Glioblastoma Multiforme (TCGA, PanCancer Atlas)	TCGA-32-4208-01	Glioblastoma	Glioblastoma Multiforme	R132H	OncoKB: Oncogenic, level_3a, resistance NA;CIViC: diagnosticCount: 2, predictiveCount: 8, prognosticCount: 0, predisposingCount: 0, oncogenicCount: 5, functionalCount: 9;CancerHotspot: yes;3DHotspot: no			MutationAssessor: impact: medium, score: 5.902626134823805;SIFT: impact: deleterious_low_confidence, score: 0.01;Polyphen-2: impact: benign, score: 0.047;AlphaMissense: pathogenicity: pathogenic, score: 0.992	Missense_Mutation	SNP	Diploid	.	.	.	2	209113112	209113112	C	T	2:g.209113112C>T	ENST00000345146.2:c.395G>A	0.34		46	90		153	39	4/10		Pathogenic/Likely_pathogenic			25			2		GBM	643	-9213	0			21.13949436	0:ALIVE OR DEAD TUMOR FREE	Not Hispanic Or Latino	12/14/10	0.1625	EUR		No	C71.9	9440/3	C71.9	Yes	No	0.2813	0.43		GBM	21.13949436	0:LIVING	581e04f9-4d0b-4ed2-97f5-2f97ace24928				With Tumor	21.13949436	0:CENSORED			White	Yes		1	Primary	Male	Matched		97			St. Joseph's Hospital (AZ)	32	1.3	Brain	Glioblastoma Multiforme (GBM), Untreated		
